Total population,Total citizen population,Total registered,"Percent registered
(Total)",Registered-Margin of error 1,"Percent registered
(Citizen)",Registered-Margin of error 1.1,Total voted,"Percent voted
(Total)",Voted-Margin of error 1,"Percent voted
(Citizen)",Voted-Margin of error 1.1
"252,274","231,593","168,308",66.7,0.4,72.7,0.4,"154,628",61.3,0.4,66.8,0.4
"121,870","111,485","79,340",65.1,0.5,71.2,0.5,"72,474",59.5,0.5,65,0.5
"130,404","120,108","88,968",68.2,0.5,74.1,0.5,"82,154",63,0.5,68.4,0.5
"195,227","181,891","134,889",69.1,0.4,74.2,0.4,"124,301",63.7,0.4,68.3,0.4
"157,442","154,827","118,389",75.2,0.4,76.5,0.4,"109,830",69.8,0.4,70.9,0.4
"32,219","30,204","20,844",64.7,1,69,1,"18,922",58.7,1,62.6,1
"16,094","11,530","7,354",45.7,1.5,63.8,1.7,"6,881",42.8,1.5,59.7,1.7
"42,468","30,627","18,719",44.1,1,61.1,1.1,"16,459",38.8,0.9,53.7,1.1
"199,610","185,983","137,710",69,0.4,74,0.4,"126,753",63.5,0.4,68.2,0.4
"34,471","32,275","22,241",64.5,0.9,68.9,0.9,"20,152",58.5,1,62.4,1
"17,273","12,641","8,157",47.2,1.4,64.5,1.6,"7,593",44,1.4,60.1,1.6
"3,769","3,716","2,527",67,3.1,68,3.1,"2,247",59.6,3.3,60.5,3.3
"1,780","1,755","1,187",66.7,4.5,67.6,4.5,"1,038",58.4,4.8,59.2,4.8
"1,990","1,960","1,340",67.3,4.3,68.4,4.3,"1,209",60.7,4.5,61.6,4.5
"2,657","2,619","1,860",70,3.6,71,3.6,"1,647",62,3.8,62.9,3.8
"2,587","2,569","1,825",70.6,3.6,71,3.6,"1,617",62.5,3.9,63,3.9
973,973,590,60.6,6.1,60.6,6.1,533,54.8,6.2,54.8,6.2
55,45,23,B,B,B,B,21,B,B,B,B
79,53,35,B,B,B,B,30,B,B,B,B
"2,692","2,654","1,883",69.9,3.6,70.9,3.6,"1,665",61.9,3.8,62.7,3.8
988,988,603,61,6,61,6,543,54.9,6.2,54.9,6.2
58,48,26,B,B,B,B,21,B,B,B,B
528,516,383,72.6,3.2,74.2,3.1,330,62.4,3.4,63.8,3.4
269,264,195,72.6,4.4,74.1,4.4,165,61.4,4.8,62.6,4.8
259,253,188,72.5,4.5,74.3,4.5,165,63.5,4.9,65.1,4.9
345,343,265,76.7,3.7,77.3,3.7,243,70.3,4,70.9,4
325,323,251,77.2,3.8,77.5,3.8,230,70.6,4.1,71,4.1
17,16,11,B,B,B,B,8,B,B,B,B
35,27,18,B,B,B,B,17,B,B,B,B
28,27,21,B,B,B,B,17,B,B,B,B
375,372,287,76.6,3.5,77.1,3.5,259,69.2,3.9,69.7,3.9
18,17,12,B,B,B,B,8,B,B,B,B
43,35,24,B,B,B,B,22,B,B,B,B
"5,638","5,075","3,878",68.8,2.5,76.4,2.5,"3,649",64.7,2.6,71.9,2.6
"2,739","2,465","1,784",65.1,3.8,72.4,3.7,"1,653",60.4,3.9,67.1,3.9
"2,899","2,610","2,095",72.3,3.4,80.3,3.2,"1,996",68.9,3.5,76.5,3.4
"4,840","4,365","3,328",68.8,2.7,76.3,2.7,"3,152",65.1,2.8,72.2,2.8
"3,140","3,096","2,480",79,3,80.1,3,"2,385",76,3.1,77,3.1
279,259,205,73.3,10.4,79.2,9.9,179,63.9,11.3,69.1,11.3
206,158,111,53.8,14.1,70.2,14.8,107,52,14.1,67.9,15.1
"1,800","1,340",895,49.7,5.1,66.8,5.5,814,45.2,5.1,60.8,5.8
"4,966","4,472","3,422",68.9,2.7,76.5,2.6,"3,242",65.3,2.8,72.5,2.8
344,323,266,77.3,8.9,82.2,8.4,235,68.3,9.9,72.7,9.8
226,177,130,57.8,13.3,73.5,13.4,127,56.2,13.4,71.5,13.8
"2,283","2,195","1,361",59.6,3.4,62,3.4,"1,186",51.9,3.4,54,3.5
"1,101","1,057",641,58.2,4.9,60.6,4.9,546,49.6,4.9,51.6,5
"1,182","1,138",720,60.9,4.6,63.3,4.7,640,54.1,4.7,56.2,4.8
"1,867","1,808","1,139",61,3.7,63,3.7,"1,014",54.3,3.8,56.1,3.8
"1,744","1,733","1,111",63.7,3.8,64.1,3.8,988,56.7,3.9,57,3.9
336,325,186,55.3,8.5,57.1,8.6,146,43.3,8.4,44.7,8.6
24,18,14,B,B,B,B,11,B,B,B,B
134,83,30,22.6,12.4,36.4,18.1,29,21.4,12.1,34.6,17.9
"1,900","1,841","1,153",60.7,3.7,62.6,3.7,"1,023",53.8,3.7,55.5,3.8
348,337,193,55.4,8.3,57.2,8.4,148,42.7,8.3,44.1,8.5
25,19,16,B,B,B,B,12,B,B,B,B
"30,342","25,946","18,001",59.3,1.2,69.4,1.2,"16,893",55.7,1.2,65.1,1.2
"14,786","12,580","8,549",57.8,1.7,68,1.7,"8,012",54.2,1.7,63.7,1.8
"15,556","13,366","9,452",60.8,1.6,70.7,1.6,"8,882",57.1,1.6,66.5,1.7
"21,941","18,971","13,508",61.6,1.4,71.2,1.4,"12,628",57.6,1.4,66.6,1.4
"12,090","11,685","9,133",75.5,1.6,78.2,1.6,"8,711",72.1,1.7,74.6,1.7
"1,947","1,834","1,249",64.1,4.3,68.1,4.3,"1,173",60.3,4.4,64,4.4
"5,072","3,958","2,491",49.1,2.8,62.9,3.1,"2,370",46.7,2.8,59.9,3.2
"11,165","8,305","5,014",44.9,2,60.4,2.3,"4,539",40.7,2,54.6,2.4
"22,586","19,549","13,924",61.6,1.3,71.2,1.3,"13,024",57.7,1.4,66.6,1.4
"2,139","2,021","1,371",64.1,4.1,67.8,4.1,"1,295",60.5,4.2,64.1,4.2
"5,405","4,250","2,665",49.3,2.8,62.7,3,"2,529",46.8,2.8,59.5,3.1
"4,525","4,200","2,993",66.2,2.9,71.3,2.9,"2,837",62.7,3,67.6,3
"2,254","2,076","1,452",64.4,4.2,70,4.2,"1,355",60.1,4.3,65.3,4.3
"2,271","2,124","1,541",67.9,4.1,72.6,4,"1,482",65.3,4.1,69.8,4.1
"4,001","3,751","2,733",68.3,3,72.9,3,"2,606",65.1,3.1,69.5,3.1
"3,267","3,220","2,396",73.3,3.2,74.4,3.2,"2,316",70.9,3.3,71.9,3.3
186,181,102,54.5,14.4,56,14.6,96,51.6,14.5,53.1,14.7
152,115,57,37.7,16,49.9,19,50,32.7,15.5,43.2,18.8
854,618,374,43.8,7.4,60.5,8.5,315,37,7.2,51.1,8.7
"4,123","3,858","2,801",67.9,3,72.6,3,"2,658",64.5,3.1,68.9,3.1
203,198,118,58.3,13.7,59.7,13.8,113,55.6,13.8,57,13.9
171,135,72,42.2,15.4,53.8,17.5,65,37.7,15.1,48.1,17.6
"2,777","2,524","1,850",66.6,3.2,73.3,3.2,"1,681",60.5,3.3,66.6,3.4
"1,333","1,204",843,63.2,4.7,70,4.7,767,57.5,4.9,63.7,5
"1,444","1,320","1,008",69.8,4.3,76.3,4.2,915,63.4,4.6,69.3,4.6
"2,197","2,043","1,543",70.2,3.5,75.5,3.4,"1,392",63.4,3.7,68.1,3.7
"1,841","1,788","1,381",75,3.6,77.3,3.6,"1,270",69,3.9,71,3.9
323,282,192,59.5,9.4,68.3,9.5,184,56.8,9.4,65.2,9.7
216,158,96,44.4,12,60.5,13.7,90,41.6,11.9,56.6,13.9
461,347,235,51,8.7,67.8,9.4,196,42.4,8.6,56.4,10
"2,211","2,058","1,548",70,3.5,75.2,3.4,"1,395",63.1,3.7,67.8,3.7
326,285,195,59.9,9.3,68.6,9.4,184,56.3,9.4,64.5,9.7
216,158,96,44.4,12,60.5,13.7,90,41.6,11.9,56.6,13.9
766,722,542,70.8,3,75.1,3,489,63.8,3.2,67.7,3.2
361,339,247,68.3,4.5,72.8,4.4,223,61.6,4.7,65.7,4.7
404,383,296,73.1,4,77.2,3.9,266,65.8,4.3,69.5,4.3
540,519,392,72.6,3.5,75.5,3.5,348,64.4,3.8,67,3.8
495,490,378,76.3,3.5,77.1,3.5,335,67.8,3.9,68.4,3.9
172,164,114,66.6,6.3,69.8,6.3,106,61.7,6.5,64.7,6.6
31,21,18,B,B,B,B,18,B,B,B,B
57,37,22,B,B,B,B,20,B,B,B,B
554,531,404,73,3.5,76.1,3.4,359,64.8,3.7,67.6,3.7
181,171,121,67.2,6.1,70.9,6.1,112,62,6.3,65.3,6.4
36,26,23,B,B,B,B,23,B,B,B,B
576,534,464,80.5,2.7,86.9,2.4,448,77.8,2.8,84,2.6
264,245,209,79,4.1,85.1,3.7,200,75.7,4.3,81.5,4
312,288,255,81.7,3.6,88.4,3.1,248,79.5,3.7,86,3.3
278,253,229,82.5,3.7,90.5,3,223,80.3,3.9,88.1,3.3
243,232,213,87.5,3.4,91.5,3,206,84.9,3.7,88.8,3.4
251,243,202,80.4,3.9,83.2,3.7,193,76.7,4.1,79.3,4
36,27,25,B,B,B,B,25,B,B,B,B
50,32,26,B,B,B,B,26,B,B,B,B
285,259,234,82.3,3.7,90.4,3,228,80.2,3.8,88,3.3
256,248,207,80.6,3.8,83.3,3.7,197,76.9,4.1,79.5,4
40,30,27,B,B,B,B,27,B,B,B,B
"17,244","15,645","10,495",60.9,1.5,67.1,1.5,"9,720",56.4,1.5,62.1,1.6
"8,263","7,523","4,965",60.1,2.2,66,2.2,"4,563",55.2,2.2,60.7,2.3
"8,982","8,121","5,530",61.6,2.1,68.1,2.1,"5,157",57.4,2.1,63.5,2.2
"13,675","12,515","8,468",61.9,1.7,67.7,1.7,"7,887",57.7,1.7,63,1.7
"9,553","9,374","6,676",69.9,1.9,71.2,1.9,"6,260",65.5,2,66.8,2
"2,652","2,344","1,533",57.8,3.7,65.4,3.8,"1,375",51.8,3.8,58.7,3.9
585,462,260,44.5,8.2,56.4,9.2,257,43.9,8.2,55.6,9.2
"4,439","3,394","1,992",44.9,3.2,58.7,3.6,"1,789",40.3,3.1,52.7,3.6
"13,843","12,675","8,569",61.9,1.7,67.6,1.7,"7,982",57.7,1.7,63,1.7
"2,819","2,504","1,624",57.6,3.6,64.9,3.7,"1,460",51.8,3.6,58.3,3.8
591,467,266,45,8.2,56.9,9.1,263,44.4,8.2,56.2,9.2
"8,032","7,400","5,233",65.2,2.2,70.7,2.2,"4,888",60.9,2.2,66.1,2.3
"3,765","3,461","2,354",62.5,3.3,68,3.3,"2,180",57.9,3.3,63,3.4
"4,267","3,938","2,880",67.5,3,73.1,2.9,"2,707",63.5,3,68.7,3
"4,785","4,521","3,297",68.9,2.8,72.9,2.7,"3,079",64.3,2.9,68.1,2.9
"4,239","4,194","3,152",74.3,2.8,75.1,2.8,"2,947",69.5,2.9,70.3,2.9
"2,569","2,513","1,721",67,3.7,68.5,3.6,"1,608",62.6,3.8,64,3.8
389,217,124,31.8,9.6,56.9,13.6,116,29.8,9.4,53.3,13.7
739,403,192,25.9,6.9,47.6,10.7,178,24.1,6.8,44.2,10.7
"4,857","4,593","3,351",69,2.7,73,2.7,"3,127",64.4,2.8,68.1,2.8
"2,702","2,597","1,776",65.7,3.6,68.4,3.6,"1,657",61.3,3.7,63.8,3.7
398,226,133,33.3,9.6,58.7,13.3,125,31.4,9.4,55.2,13.4
"1,056",980,673,63.8,3.3,68.7,3.3,630,59.7,3.3,64.3,3.4
509,481,333,65.4,4.6,69.3,4.6,313,61.5,4.7,65.2,4.8
546,499,340,62.3,4.6,68.2,4.6,317,57.9,4.6,63.5,4.7
261,246,184,70.5,6.2,74.8,6.1,175,67,6.4,71.1,6.4
228,218,165,72.4,6.5,75.6,6.4,159,69.5,6.7,72.7,6.6
18,18,15,B,B,B,B,11,B,B,B,B
489,436,291,59.5,4.8,66.7,4.9,268,54.8,4.9,61.4,5
71,66,35,B,B,B,B,30,B,B,B,B
374,359,260,69.6,5.2,72.5,5.2,248,66.4,5.4,69.2,5.4
25,25,15,B,B,B,B,11,B,B,B,B
613,561,377,61.4,4.3,67.2,4.3,351,57.3,4.3,62.7,4.4
"1,370","1,299",900,65.7,3.1,69.3,3.1,843,61.6,3.2,64.9,3.2
679,643,434,63.9,4.5,67.5,4.5,410,60.4,4.5,63.8,4.6
691,656,466,67.5,4.3,71.1,4.3,433,62.7,4.5,66,4.5
"1,279","1,227",857,67,3.2,69.8,3.2,806,63,3.3,65.6,3.3
"1,130","1,119",800,70.8,3.3,71.5,3.3,755,66.8,3.4,67.5,3.4
10,7,5,B,B,B,B,4,B,B,B,B
22,12,7,B,B,B,B,5,B,B,B,B
166,119,63,38.1,9.5,53.2,11.6,55,33.1,9.3,46.3,11.6
"1,303","1,252",873,67,3.2,69.8,3.1,822,63,3.2,65.6,3.2
16,13,8,B,B,B,B,7,B,B,B,B
22,12,7,B,B,B,B,5,B,B,B,B
"9,658","8,860","6,590",68.2,2,74.4,1.9,"6,058",62.7,2,68.4,2
"4,671","4,281","3,098",66.3,2.8,72.4,2.8,"2,876",61.6,2.9,67.2,3
"4,987","4,579","3,492",70,2.7,76.3,2.6,"3,182",63.8,2.8,69.5,2.8
"7,551","7,015","5,303",70.2,2.2,75.6,2.1,"4,849",64.2,2.3,69.1,2.3
"6,218","6,075","4,826",77.6,2.2,79.4,2.1,"4,429",71.2,2.4,72.9,2.4
"1,335","1,270",861,64.5,5.2,67.8,5.2,811,60.7,5.3,63.8,5.3
643,452,331,51.5,8,73.3,8.4,313,48.7,8,69.3,8.8
"1,421","1,016",532,37.4,5.5,52.4,6.8,475,33.4,5.4,46.8,6.8
"7,600","7,064","5,331",70.1,2.2,75.5,2.1,"4,873",64.1,2.3,69,2.3
"1,382","1,317",895,64.8,5.1,67.9,5.1,839,60.7,5.2,63.7,5.2
652,461,340,52.2,7.9,73.8,8.3,322,49.4,7.9,69.9,8.7
"5,096","4,921","3,412",67,2.7,69.3,2.7,"3,002",58.9,2.8,61,2.8
"2,463","2,375","1,632",66.2,3.9,68.7,3.9,"1,408",57.2,4.1,59.3,4.1
"2,633","2,546","1,781",67.6,3.7,69.9,3.7,"1,594",60.5,3.9,62.6,3.9
"4,318","4,219","2,967",68.7,2.9,70.3,2.9,"2,601",60.2,3,61.7,3.1
"4,122","4,107","2,904",70.5,2.9,70.7,2.9,"2,546",61.8,3.1,62,3.1
473,467,306,64.7,8.6,65.5,8.6,281,59.5,8.8,60.2,8.8
178,114,76,42.5,14.9,66.1,17.8,68,38.5,14.7,59.9,18.4
225,135,72,32.1,13.3,53.5,18.3,60,26.4,12.6,44,18.2
"4,420","4,315","3,010",68.1,2.9,69.8,2.9,"2,632",59.5,3,61,3
532,520,333,62.7,8.2,64.2,8.2,299,56.3,8.4,57.6,8.5
189,125,76,40,14.4,60.3,17.6,68,36.3,14.1,54.7,17.9
"2,361","2,293","1,742",73.8,3.1,76,3,"1,618",68.5,3.2,70.5,3.2
"1,167","1,133",853,73.2,4.4,75.3,4.3,785,67.3,4.6,69.2,4.6
"1,194","1,160",888,74.4,4.3,76.6,4.2,833,69.7,4.5,71.8,4.5
"2,160","2,125","1,630",75.4,3.1,76.7,3.1,"1,521",70.4,3.3,71.5,3.3
"2,068","2,050","1,603",77.5,3.1,78.2,3.1,"1,496",72.3,3.3,73,3.3
95,87,55,58.6,16.4,63.5,16.6,40,42.6,16.4,46.2,17.2
77,52,36,B,B,B,B,36,B,B,B,B
108,90,42,39.1,16.6,46.8,18.6,40,37,16.5,44.2,18.5
"2,176","2,141","1,645",75.6,3.1,76.9,3.1,"1,536",70.6,3.3,71.8,3.3
110,103,71,64.4,14.7,69,14.7,56,50.7,15.4,54.2,15.9
80,55,39,B,B,B,B,39,B,B,B,B
"2,157","1,975","1,398",64.8,3.5,70.8,3.5,"1,297",60.1,3.6,65.7,3.7
"1,057",969,667,63.1,5.1,68.9,5.1,621,58.7,5.2,64,5.3
"1,101","1,006",731,66.4,4.9,72.7,4.8,676,61.4,5.1,67.2,5.1
"1,867","1,749","1,263",67.7,3.7,72.2,3.7,"1,181",63.3,3.8,67.5,3.9
"1,566","1,556","1,171",74.8,3.8,75.3,3.8,"1,099",70.2,4,70.7,4
106,97,69,65.4,15.2,71.4,15.1,59,55.8,15.9,61,16.3
86,54,13,B,B,B,B,11,B,B,B,B
317,210,108,34.1,9.6,51.5,12.4,96,30.1,9.3,45.5,12.4
"1,916","1,798","1,298",67.7,3.7,72.2,3.6,"1,216",63.5,3.8,67.6,3.8
121,112,82,67.9,14,73.3,13.7,72,59.6,14.7,64.3,14.9
87,55,14,B,B,B,B,12,B,B,B,B
"3,384","3,227","2,450",72.4,3.2,75.9,3.1,"2,210",65.3,3.4,68.5,3.4
"1,616","1,524","1,159",71.7,4.6,76,4.5,"1,057",65.4,4.9,69.4,4.9
"1,768","1,703","1,291",73,4.4,75.8,4.3,"1,153",65.2,4.7,67.7,4.7
"2,994","2,888","2,194",73.3,3.3,76,3.3,"1,997",66.7,3.6,69.1,3.5
"2,845","2,831","2,165",76.1,3.3,76.5,3.3,"1,971",69.3,3.6,69.6,3.6
259,224,167,64.5,11.7,74.6,11.5,140,54,12.2,62.5,12.7
46,31,24,B,B,B,B,24,B,B,B,B
163,60,30,B,B,B,B,26,B,B,B,B
"3,063","2,957","2,243",73.2,3.3,75.8,3.2,"2,035",66.4,3.5,68.8,3.5
306,271,198,64.7,10.8,73,10.6,161,52.5,11.2,59.3,11.8
49,35,24,B,B,B,B,24,B,B,B,B
"3,438","3,299","2,286",66.5,3.2,69.3,3.2,"2,041",59.4,3.3,61.9,3.3
"1,618","1,557","1,073",66.3,4.6,68.9,4.6,959,59.3,4.8,61.6,4.9
"1,820","1,742","1,214",66.7,4.4,69.7,4.3,"1,082",59.5,4.5,62.1,4.6
"2,212","2,120","1,486",67.2,3.9,70.1,3.9,"1,362",61.6,4.1,64.2,4.1
"2,048","2,022","1,426",69.6,4,70.5,4,"1,309",63.9,4.2,64.7,4.2
"1,068","1,048",720,67.5,5.4,68.7,5.4,607,56.9,5.7,57.9,5.7
84,57,23,B,B,B,B,23,B,B,B,B
210,131,84,40,13.9,64.3,17.3,72,34.3,13.5,55.1,17.9
"2,261","2,169","1,524",67.4,3.9,70.3,3.9,"1,396",61.8,4,64.4,4.1
"1,092","1,072",737,67.5,5.3,68.8,5.3,624,57.2,5.6,58.2,5.7
90,63,29,B,B,B,B,26,B,B,B,B
"1,087","1,075",832,76.5,3.2,77.4,3.2,766,70.5,3.4,71.3,3.4
523,515,383,73.2,4.8,74.3,4.8,351,67.2,5.1,68.2,5.1
564,560,449,79.5,4.2,80.2,4.2,415,73.5,4.6,74.1,4.6
"1,036","1,031",803,77.5,3.2,77.9,3.2,739,71.3,3.5,71.7,3.5
"1,027","1,022",798,77.7,3.2,78.1,3.2,734,71.5,3.5,71.8,3.5
13,8,4,B,B,B,B,4,B,B,B,B
10,7,6,B,B,B,B,6,B,B,B,B
11,11,7,B,B,B,B,7,B,B,B,B
"1,058","1,053",818,77.3,3.2,77.7,3.2,752,71.1,3.5,71.4,3.5
15,10,6,B,B,B,B,6,B,B,B,B
18,15,12,B,B,B,B,12,B,B,B,B
"4,606","4,303","3,383",73.4,2.7,78.6,2.6,"3,166",68.7,2.9,73.6,2.8
"2,199","2,052","1,517",69,4.1,73.9,4,"1,430",65,4.2,69.7,4.2
"2,407","2,251","1,865",77.5,3.6,82.9,3.3,"1,737",72.2,3.8,77.2,3.7
"2,757","2,650","2,069",75,3.4,78.1,3.4,"1,917",69.5,3.7,72.3,3.6
"2,487","2,469","1,934",77.8,3.5,78.3,3.5,"1,786",71.8,3.8,72.3,3.8
"1,421","1,289","1,022",71.9,4.8,79.3,4.5,971,68.3,4.9,75.3,4.8
302,239,166,55,11.8,69.7,12.2,153,50.6,11.8,64.1,12.8
323,195,150,46.2,12.1,76.7,13.2,145,44.9,12.1,74.4,13.6
"2,840","2,732","2,151",75.7,3.4,78.7,3.3,"1,999",70.4,3.6,73.2,3.5
"1,482","1,350","1,083",73.1,4.6,80.2,4.3,"1,032",69.6,4.8,76.4,4.6
337,273,201,59.7,11,73.5,11,187,55.6,11.1,68.6,11.5
"5,514","4,897","3,546",64.3,2.6,72.4,2.6,"3,249",58.9,2.7,66.3,2.7
"2,642","2,311","1,656",62.7,3.8,71.6,3.8,"1,505",57,3.9,65.1,4
"2,872","2,586","1,891",65.8,3.6,73.1,3.5,"1,744",60.7,3.7,67.4,3.7
"4,429","4,140","3,174",71.7,2.8,76.7,2.7,"2,936",66.3,2.9,70.9,2.9
"3,953","3,799","2,949",74.6,2.8,77.6,2.8,"2,749",69.6,3,72.4,3
489,390,165,33.6,8.3,42.2,9.7,142,29,8,36.4,9.5
415,244,139,33.5,9.3,57.1,12.7,109,26.3,8.7,44.9,12.8
636,449,271,42.6,8.3,60.4,9.8,227,35.8,8.1,50.7,10
"4,597","4,251","3,233",70.3,2.7,76.1,2.7,"2,988",65,2.9,70.3,2.9
640,484,211,32.9,7.2,43.5,8.8,181,28.3,6.9,37.4,8.5
433,262,157,36.3,9.3,60.1,12.1,128,29.4,8.8,48.7,12.4
"7,790","7,467","5,513",70.8,2.1,73.8,2.1,"4,994",64.1,2.2,66.9,2.2
"3,795","3,616","2,648",69.8,3.1,73.2,3,"2,378",62.7,3.2,65.8,3.2
"3,995","3,851","2,865",71.7,2.9,74.4,2.9,"2,616",65.5,3.1,67.9,3.1
"6,269","6,118","4,568",72.9,2.3,74.7,2.3,"4,144",66.1,2.5,67.7,2.5
"5,922","5,865","4,408",74.4,2.3,75.2,2.3,"3,997",67.5,2.5,68.2,2.5
"1,021",984,713,69.8,5.6,72.4,5.6,628,61.5,6,63.8,6
281,145,72,25.7,10.5,49.6,16.8,65,23.3,10.2,45.1,16.7
406,302,178,43.9,10.6,58.9,12.2,165,40.7,10.5,54.7,12.3
"6,374","6,223","4,649",72.9,2.3,74.7,2.3,"4,225",66.3,2.4,67.9,2.4
"1,091","1,054",773,70.9,5.4,73.3,5.3,684,62.7,5.7,64.9,5.8
309,173,90,29.3,10.5,52.1,15.3,84,27.1,10.2,48.3,15.3
"4,339","4,142","3,436",79.2,2.5,82.9,2.4,"3,225",74.3,2.7,77.9,2.7
"2,149","2,051","1,690",78.6,3.6,82.4,3.5,"1,575",73.3,3.9,76.8,3.8
"2,190","2,091","1,746",79.7,3.5,83.5,3.3,"1,649",75.3,3.8,78.9,3.7
"3,744","3,678","3,086",82.4,2.6,83.9,2.5,"2,918",77.9,2.8,79.3,2.8
"3,573","3,555","2,990",83.7,2.5,84.1,2.5,"2,840",79.5,2.8,79.9,2.8
260,197,139,53.5,12.2,70.5,12.8,130,50.2,12.2,66.1,13.3
179,115,91,51.2,15.2,79.4,15.3,74,41.3,15,64,18.2
209,156,116,55.8,14.8,74.7,15,98,46.8,14.9,62.7,16.7
"3,816","3,750","3,146",82.5,2.5,83.9,2.5,"2,979",78.1,2.8,79.4,2.7
299,236,170,56.9,11.3,72,11.5,161,54,11.4,68.3,11.9
191,127,104,54.3,14.6,81.4,14,86,45.1,14.6,67.5,16.8
"2,212","2,177","1,749",79.1,2.8,80.4,2.7,"1,531",69.2,3.2,70.3,3.2
"1,029","1,015",792,76.9,4.2,78,4.2,680,66.1,4.8,67,4.8
"1,182","1,162",957,81,3.7,82.4,3.6,850,71.9,4.2,73.2,4.2
"1,350","1,337","1,054",78.1,3.6,78.8,3.6,921,68.3,4.1,68.9,4.1
"1,300","1,295","1,026",78.9,3.6,79.2,3.6,904,69.5,4.1,69.8,4.1
792,787,654,82.5,4.2,83.1,4.1,573,72.3,4.9,72.8,4.9
37,20,9,B,B,B,B,8,B,B,B,B
67,53,34,B,B,B,B,23,B,B,B,B
"1,375","1,363","1,079",78.5,3.6,79.2,3.5,942,68.5,4,69.1,4
805,799,666,82.8,4.1,83.4,4.1,582,72.4,4.9,72.9,4.8
41,24,13,B,B,B,B,11,B,B,B,B
"4,637","4,475","3,388",73.1,2.7,75.7,2.7,"2,990",64.5,2.9,66.8,2.9
"2,205","2,136","1,556",70.5,4,72.9,4,"1,361",61.7,4.3,63.7,4.3
"2,432","2,340","1,832",75.3,3.6,78.3,3.5,"1,629",67,4,69.6,4
"3,871","3,812","2,935",75.8,2.9,77,2.8,"2,576",66.5,3.2,67.6,3.2
"3,687","3,664","2,816",76.4,2.9,76.8,2.9,"2,488",67.5,3.2,67.9,3.2
518,507,373,72.1,7.8,73.6,7.8,351,67.8,8.2,69.2,8.1
138,64,38,B,B,B,B,38,B,B,B,B
232,178,127,54.8,14.2,71.3,14.7,95,40.9,14,53.3,16.3
"3,941","3,873","2,963",75.2,2.9,76.5,2.8,"2,588",65.7,3.1,66.8,3.1
552,533,381,69,7.8,71.4,7.8,351,63.6,8.1,65.8,8.2
146,72,46,B,B,B,B,46,B,B,B,B
836,827,641,76.6,2.6,77.5,2.6,607,72.6,2.8,73.5,2.8
415,411,322,77.8,3.7,78.4,3.6,299,72,4,72.5,3.9
422,415,318,75.5,3.8,76.7,3.7,309,73.2,3.9,74.4,3.8
772,765,597,77.3,2.7,78,2.7,572,74,2.8,74.7,2.8
757,751,584,77.2,2.7,77.8,2.7,560,74,2.9,74.6,2.9
4,4,2,B,B,B,B,2,B,B,B,B
10,7,4,B,B,B,B,4,B,B,B,B
20,19,15,B,B,B,B,14,B,B,B,B
791,784,609,77,2.7,77.7,2.7,582,73.6,2.8,74.3,2.8
6,6,4,B,B,B,B,3,B,B,B,B
13,10,5,B,B,B,B,5,B,B,B,B
"1,435","1,369",971,67.7,3.4,70.9,3.4,892,62.2,3.5,65.2,3.5
708,674,464,65.6,4.9,68.9,4.9,421,59.6,5,62.5,5.1
728,695,507,69.7,4.7,73,4.6,471,64.7,4.8,67.8,4.8
"1,301","1,255",903,69.4,3.5,71.9,3.5,826,63.5,3.6,65.8,3.7
"1,205","1,202",877,72.7,3.5,72.9,3.5,801,66.5,3.7,66.6,3.7
80,71,45,B,B,B,B,44,B,B,B,B
26,17,9,B,B,B,B,9,B,B,B,B
98,55,28,B,B,B,B,27,B,B,B,B
"1,307","1,261",907,69.4,3.5,71.9,3.5,830,63.5,3.6,65.8,3.7
82,73,47,B,B,B,B,46,B,B,B,B
26,17,9,B,B,B,B,9,B,B,B,B
"2,402","2,198","1,455",60.6,3.2,66.2,3.3,"1,351",56.3,3.3,61.5,3.4
"1,192","1,088",698,58.6,4.6,64.1,4.7,649,54.5,4.7,59.7,4.8
"1,210","1,110",757,62.6,4.5,68.2,4.5,702,58,4.6,63.2,4.7
"1,691","1,561","1,072",63.4,3.8,68.6,3.8,"1,013",59.9,3.9,64.9,3.9
"1,211","1,187",868,71.7,4.2,73.1,4.2,827,68.3,4.3,69.7,4.3
233,232,155,66.5,9.6,66.8,9.6,136,58.2,10,58.5,10
230,195,136,59,10.4,69.7,10.5,134,58.4,10.4,68.9,10.6
654,515,268,41,6.5,52,7.5,239,36.6,6.4,46.4,7.5
"1,815","1,652","1,113",61.4,3.7,67.4,3.7,"1,050",57.9,3.8,63.6,3.8
259,258,167,64.6,9.2,64.9,9.2,146,56.3,9.6,56.6,9.6
252,217,146,57.8,10,67.2,10.2,144,57.2,10,66.5,10.3
"1,101","1,077",843,76.6,2.9,78.3,2.8,797,72.4,3,74,3
542,531,401,74.1,4.3,75.5,4.2,375,69.2,4.5,70.5,4.5
559,546,442,78.9,3.9,80.9,3.8,423,75.5,4.1,77.4,4.1
"1,030","1,015",813,78.9,2.9,80,2.8,771,74.8,3.1,75.9,3
"1,000",993,799,79.8,2.9,80.5,2.8,758,75.8,3.1,76.4,3.1
20,20,4,B,B,B,B,4,B,B,B,B
27,17,9,B,B,B,B,8,B,B,B,B
38,31,19,B,B,B,B,14,B,B,B,B
"1,045","1,030",823,78.8,2.9,79.9,2.8,782,74.8,3,75.9,3
32,32,14,B,B,B,B,14,B,B,B,B
27,17,9,B,B,B,B,8,B,B,B,B
"6,801","5,921","5,008",73.6,2.2,84.6,1.9,"4,638",68.2,2.3,78.3,2.2
"3,281","2,814","2,366",72.1,3.2,84.1,2.8,"2,193",66.8,3.4,77.9,3.2
"3,520","3,107","2,642",75,3,85,2.6,"2,445",69.5,3.2,78.7,3
"4,900","4,462","3,826",78.1,2.4,85.7,2.1,"3,543",72.3,2.6,79.4,2.5
"3,755","3,636","3,134",83.5,2.5,86.2,2.3,"2,950",78.6,2.7,81.1,2.7
994,850,658,66.2,5.9,77.5,5.6,606,60.9,6.1,71.3,6.1
810,524,443,54.7,7.1,84.5,6.4,408,50.4,7.1,77.9,7.3
"1,347",996,817,60.7,5.7,82,5.2,719,53.4,5.8,72.1,6.1
"4,971","4,520","3,884",78.1,2.4,85.9,2.1,"3,602",72.5,2.6,79.7,2.5
"1,064",907,716,67.2,5.6,78.9,5.3,663,62.3,5.8,73.1,5.8
816,530,449,55.1,7,84.7,6.3,414,50.8,7.1,78.1,7.3
"1,610","1,498","1,028",63.9,3,68.6,3,938,58.3,3.1,62.6,3.2
784,732,495,63.1,4.4,67.6,4.4,450,57.4,4.5,61.4,4.6
826,766,533,64.5,4.2,69.5,4.2,488,59.2,4.3,63.7,4.4
"1,340","1,249",881,65.7,3.3,70.5,3.3,812,60.6,3.4,65,3.4
745,741,578,77.5,3.9,78,3.9,542,72.7,4.1,73.1,4.1
34,32,24,B,B,B,B,21,B,B,B,B
28,15,12,B,B,B,B,12,B,B,B,B
636,539,323,50.7,5.3,59.9,5.6,290,45.6,5.2,53.8,5.7
"1,384","1,288",911,65.8,3.2,70.7,3.2,840,60.7,3.3,65.2,3.4
46,44,34,B,B,B,B,29,B,B,B,B
38,25,22,B,B,B,B,22,B,B,B,B
"15,105","13,298","9,370",62,1.6,70.5,1.7,"8,609",57,1.7,64.7,1.7
"7,164","6,216","4,309",60.1,2.4,69.3,2.4,"3,936",54.9,2.5,63.3,2.6
"7,941","7,082","5,061",63.7,2.3,71.5,2.2,"4,673",58.8,2.3,66,2.3
"10,551","9,556","6,933",65.7,1.9,72.5,1.9,"6,443",61.1,2,67.4,2
"8,764","8,365","6,188",70.6,2,74,2,"5,775",65.9,2.1,69,2.1
"2,554","2,329","1,598",62.6,3.8,68.6,3.8,"1,459",57.1,3.9,62.7,4
"1,533","1,019",593,38.7,5.1,58.2,6.4,528,34.5,5,51.9,6.4
"2,330","1,608",991,42.5,4.5,61.6,5.3,883,37.9,4.4,54.9,5.4
"10,786","9,748","7,086",65.7,1.9,72.7,1.9,"6,543",60.7,2,67.1,2
"2,722","2,464","1,694",62.2,3.7,68.7,3.7,"1,523",55.9,3.8,61.8,3.9
"1,630","1,096",665,40.8,5,60.7,6.1,568,34.9,4.9,51.9,6.2
"8,113","7,391","5,161",63.6,2.2,69.8,2.2,"4,780",58.9,2.3,64.7,2.3
"3,854","3,464","2,377",61.7,3.3,68.6,3.3,"2,185",56.7,3.3,63.1,3.4
"4,259","3,928","2,783",65.3,3,70.9,3,"2,595",60.9,3.1,66.1,3.1
"5,775","5,194","3,638",63,2.6,70,2.6,"3,379",58.5,2.7,65,2.8
"4,859","4,765","3,418",70.4,2.7,71.7,2.7,"3,173",65.3,2.8,66.6,2.8
"1,752","1,707","1,166",66.6,4.5,68.3,4.5,"1,083",61.8,4.6,63.4,4.6
317,221,168,53.1,11.5,76.4,11.7,156,49.3,11.5,70.9,12.5
989,492,267,27,6.1,54.3,9.8,240,24.2,5.9,48.8,9.8
"5,894","5,313","3,725",63.2,2.6,70.1,2.6,"3,449",58.5,2.7,64.9,2.7
"1,802","1,757","1,209",67.1,4.4,68.8,4.4,"1,118",62,4.5,63.6,4.6
344,247,182,52.9,11,73.5,11.5,170,49.4,11,68.6,12.1
571,556,429,75.2,2.9,77.3,2.9,373,65.3,3.2,67.1,3.2
289,283,217,75.1,4.1,76.7,4.1,188,64.9,4.6,66.3,4.6
282,273,212,75.3,4.2,77.8,4.1,185,65.7,4.6,67.9,4.6
503,495,393,78.2,3,79.3,3,352,70,3.3,71,3.3
489,487,388,79.3,3,79.7,3,348,71.1,3.3,71.5,3.3
13,8,2,B,B,B,B,2,B,B,B,B
10,7,3,B,B,B,B,3,B,B,B,B
16,11,6,B,B,B,B,5,B,B,B,B
512,505,400,78.2,3,79.3,2.9,356,69.5,3.3,70.5,3.3
15,10,4,B,B,B,B,2,B,B,B,B
12,8,4,B,B,B,B,3,B,B,B,B
"8,951","8,740","6,733",75.2,1.9,77,1.8,"6,128",68.5,2,70.1,2
"4,311","4,211","3,219",74.7,2.7,76.4,2.7,"2,913",67.6,2.9,69.2,2.9
"4,640","4,529","3,514",75.7,2.6,77.6,2.5,"3,216",69.3,2.8,71,2.8
"7,416","7,300","5,724",77.2,2,78.4,2,"5,223",70.4,2.2,71.5,2.2
"7,095","7,064","5,535",78,2,78.4,2,"5,077",71.6,2.2,71.9,2.2
"1,069","1,042",758,70.9,5.4,72.8,5.4,678,63.4,5.8,65.1,5.8
234,167,101,43.2,13.1,60.6,15.3,96,41,13,57.5,15.5
383,299,226,59,10.8,75.8,10.6,175,45.7,10.9,58.7,12.2
"7,592","7,476","5,844",77,2,78.2,2,"5,324",70.1,2.2,71.2,2.1
"1,181","1,153",831,70.4,5.2,72.1,5.2,738,62.5,5.5,64,5.5
260,192,126,48.7,12.5,65.8,13.8,121,46.7,12.5,63.1,14.1
"2,942","2,800","1,884",64,3.5,67.3,3.5,"1,631",55.5,3.6,58.3,3.7
"1,434","1,367",856,59.7,5.1,62.6,5.2,741,51.7,5.2,54.2,5.3
"1,508","1,433","1,028",68.2,4.7,71.7,4.7,890,59,5,62.1,5.1
"2,289","2,175","1,537",67.1,3.9,70.6,3.9,"1,347",58.9,4.1,62,4.1
"1,977","1,962","1,442",73,4,73.5,3.9,"1,276",64.6,4.3,65,4.3
231,218,123,53.3,12.4,56.4,12.7,108,46.8,12.4,49.5,12.8
26,19,4,B,B,B,B,4,B,B,B,B
348,248,106,30.6,10.2,42.8,13,75,21.6,9.1,30.3,12.1
"2,402","2,288","1,588",66.1,3.8,69.4,3.8,"1,382",57.6,4,60.4,4
255,242,130,50.9,11.8,53.6,12.1,113,44.3,11.8,46.6,12.1
43,36,9,B,B,B,B,4,B,B,B,B
"3,369","3,242","2,590",76.9,2.9,79.9,2.8,"2,402",71.3,3.1,74.1,3
"1,645","1,572","1,245",75.7,4.2,79.2,4,"1,144",69.5,4.5,72.8,4.4
"1,724","1,670","1,345",78,3.9,80.5,3.8,"1,258",73,4.2,75.3,4.2
"2,955","2,876","2,345",79.4,2.9,81.5,2.9,"2,191",74.2,3.2,76.2,3.1
"2,712","2,696","2,229",82.2,2.9,82.7,2.9,"2,094",77.2,3.2,77.7,3.2
82,76,47,57.6,20.6,62.2,20.9,39,47.5,20.8,51.2,21.6
143,109,70,49.4,16.3,64.8,17.8,66,46.2,16.2,60.6,18.2
281,201,122,43.6,12.2,60.8,14.2,105,37.3,11.9,51.9,14.5
"3,064","2,985","2,441",79.7,2.9,81.8,2.8,"2,265",73.9,3.1,75.9,3.1
93,87,58,62.5,18.9,66.8,19,50,53.5,19.5,57.2,20
179,145,101,56.6,14.4,69.8,14.8,84,47.3,14.5,58.3,15.9
"9,902","9,621","7,337",74.1,1.8,76.3,1.8,"6,756",68.2,1.9,70.2,1.9
"4,787","4,638","3,489",72.9,2.6,75.2,2.6,"3,192",66.7,2.8,68.8,2.8
"5,115","4,983","3,848",75.2,2.5,77.2,2.4,"3,564",69.7,2.6,71.5,2.6
"8,485","8,324","6,390",75.3,1.9,76.8,1.9,"5,875",69.2,2.1,70.6,2.1
"7,910","7,862","6,115",77.3,1.9,77.8,1.9,"5,634",71.2,2.1,71.7,2.1
"1,042",981,751,72,5.5,76.5,5.3,694,66.6,5.8,70.8,5.7
231,171,88,38,13,51.4,15.5,84,36.3,12.8,49.1,15.5
618,497,305,49.3,8.7,61.4,9.4,270,43.6,8.6,54.3,9.6
"8,613","8,453","6,486",75.3,1.9,76.7,1.9,"5,965",69.3,2,70.6,2
"1,139","1,078",824,72.3,5.2,76.4,5.1,761,66.9,5.5,70.6,5.5
246,186,103,41.8,12.8,55.4,14.8,99,40.3,12.7,53.2,14.8
840,776,575,68.5,3.2,74.1,3.2,515,61.3,3.4,66.3,3.4
402,377,273,68,4.7,72.5,4.7,246,61.3,4.9,65.3,5
438,399,302,69.1,4.5,75.7,4.3,269,61.4,4.7,67.2,4.8
742,698,519,69.9,3.4,74.3,3.3,462,62.2,3.6,66.1,3.6
659,642,484,73.4,3.5,75.4,3.4,429,65.1,3.8,66.8,3.8
61,53,39,B,B,B,B,37,B,B,B,B
25,15,10,B,B,B,B,10,B,B,B,B
88,60,38,B,B,B,B,36,B,B,B,B
750,706,525,70,3.4,74.4,3.3,466,62.2,3.6,66,3.6
68,60,45,B,B,B,B,41,B,B,B,B
25,15,10,B,B,B,B,10,B,B,B,B
"4,010","3,878","2,713",67.7,3,70,3,"2,459",61.3,3.1,63.4,3.1
"1,887","1,820","1,266",67.1,4.4,69.5,4.4,"1,158",61.3,4.5,63.6,4.6
"2,123","2,058","1,447",68.2,4.1,70.3,4.1,"1,302",61.3,4.3,63.3,4.3
"2,840","2,739","2,013",70.9,3.5,73.5,3.4,"1,845",64.9,3.6,67.4,3.6
"2,605","2,590","1,945",74.7,3.5,75.1,3.4,"1,789",68.7,3.7,69,3.7
"1,032","1,012",613,59.4,5.9,60.5,5.9,546,52.9,6,53.9,6.1
50,40,37,B,B,B,B,34,B,B,B,B
257,163,77,30.1,12.1,47.5,16.6,62,24.3,11.3,38.3,16.1
"2,888","2,786","2,049",71,3.4,73.6,3.4,"1,871",64.8,3.6,67.1,3.6
"1,047","1,026",618,59.1,5.9,60.2,5.9,551,52.7,6,53.7,6
70,59,53,B,B,B,B,51,B,B,B,B
659,649,437,66.3,3.4,67.4,3.4,380,57.7,3.5,58.5,3.5
330,326,217,65.6,4.8,66.5,4.8,189,57.2,5,57.9,5
329,323,221,67,4.8,68.2,4.8,191,58.1,5,59.2,5
587,585,401,68.3,3.5,68.5,3.5,351,59.7,3.7,59.9,3.7
577,577,397,68.8,3.5,68.8,3.5,348,60.3,3.7,60.3,3.7
18,13,5,B,B,B,B,4,B,B,B,B
12,9,4,B,B,B,B,4,B,B,B,B
13,10,6,B,B,B,B,5,B,B,B,B
600,598,411,68.5,3.5,68.7,3.5,360,60,3.7,60.2,3.7
18,13,5,B,B,B,B,4,B,B,B,B
18,15,8,B,B,B,B,8,B,B,B,B
"5,283","5,038","3,742",70.8,2.6,74.3,2.5,"3,346",63.3,2.7,66.4,2.7
"2,544","2,409","1,766",69.4,3.7,73.3,3.7,"1,563",61.4,3.9,64.9,4
"2,738","2,629","1,976",72.2,3.5,75.2,3.4,"1,783",65.1,3.7,67.8,3.7
"4,212","4,014","2,992",71,2.9,74.5,2.8,"2,677",63.6,3,66.7,3
"3,918","3,890","2,924",74.6,2.8,75.2,2.8,"2,619",66.8,3.1,67.3,3.1
866,853,658,76,5.7,77.1,5.6,592,68.3,6.2,69.4,6.2
99,65,37,B,B,B,B,34,B,B,B,B
329,152,72,22,9.8,47.6,17.3,63,19.1,9.3,41.4,17.1
"4,298","4,101","3,032",70.5,2.8,73.9,2.8,"2,708",63,3,66,3
895,882,671,75,5.7,76.1,5.6,602,67.2,6.1,68.2,6.1
111,76,49,43.9,19,63.7,22.1,46,41.3,18.8,59.9,22.6
"21,485","18,581","13,343",62.1,1.4,71.8,1.4,"11,874",55.3,1.4,63.9,1.5
"10,513","9,082","6,338",60.3,2,69.8,2,"5,580",53.1,2,61.4,2.1
"10,972","9,500","7,005",63.8,1.9,73.7,1.9,"6,295",57.4,2,66.3,2
"17,042","14,760","10,734",63,1.5,72.7,1.5,"9,612",56.4,1.6,65.1,1.6
"9,615","9,423","7,396",76.9,1.8,78.5,1.8,"6,785",70.6,1.9,72,1.9
"2,700","2,502","1,759",65.1,3.6,70.3,3.6,"1,521",56.3,3.8,60.8,3.9
"1,239",821,521,42.1,5.7,63.5,6.8,482,38.9,5.6,58.7,7
"7,730","5,599","3,538",45.8,2.5,63.2,2.8,"2,972",38.4,2.4,53.1,2.9
"17,361","15,079","10,928",62.9,1.5,72.5,1.5,"9,762",56.2,1.6,64.7,1.6
"2,890","2,692","1,882",65.1,3.5,69.9,3.5,"1,636",56.6,3.6,60.8,3.7
"1,355",937,601,44.4,5.5,64.2,6.4,546,40.3,5.4,58.3,6.6
"2,320","2,178","1,468",63.3,2.7,67.4,2.7,"1,386",59.7,2.8,63.6,2.8
"1,146","1,068",699,61,3.9,65.5,4,647,56.5,4,60.6,4.1
"1,174","1,110",769,65.5,3.8,69.3,3.8,739,62.9,3.9,66.6,3.9
"2,096","2,000","1,368",65.3,2.8,68.4,2.8,"1,293",61.7,2.9,64.7,2.9
"1,860","1,832","1,268",68.2,3,69.2,2.9,"1,203",64.7,3,65.7,3
40,33,9,B,B,B,B,9,B,B,B,B
51,18,10,B,B,B,B,10,B,B,B,B
253,180,100,39.4,8.8,55.4,10.6,89,35.3,8.6,49.6,10.6
"2,118","2,019","1,378",65.1,2.8,68.2,2.8,"1,303",61.5,2.9,64.5,2.9
48,41,11,B,B,B,B,11,B,B,B,B
55,20,13,B,B,B,B,13,B,B,B,B
507,500,365,72,3.4,73,3.4,342,67.5,3.6,68.4,3.6
250,247,178,71.2,4.9,72.1,4.9,163,65.5,5.1,66.3,5.2
257,253,187,72.9,4.7,74,4.7,178,69.4,4.9,70.5,4.9
477,474,354,74.3,3.4,74.8,3.4,332,69.7,3.6,70.2,3.6
474,470,351,74.1,3.4,74.6,3.4,329,69.4,3.6,69.9,3.6
8,5,1,B,B,B,B,1,B,B,B,B
11,11,3,B,B,B,B,3,B,B,B,B
6,6,4,B,B,B,B,4,B,B,B,B
485,482,360,74.1,3.4,74.7,3.4,337,69.4,3.6,69.9,3.6
10,7,1,B,B,B,B,1,B,B,B,B
14,14,6,B,B,B,B,6,B,B,B,B
"6,481","5,974","4,541",70.1,2.4,76,2.3,"4,275",66,2.5,71.5,2.4
"3,084","2,842","2,092",67.8,3.5,73.6,3.5,"1,981",64.2,3.6,69.7,3.6
"3,396","3,132","2,449",72.1,3.2,78.2,3.1,"2,293",67.5,3.4,73.2,3.3
"4,526","4,268","3,393",75,2.7,79.5,2.6,"3,204",70.8,2.8,75.1,2.8
"3,979","3,904","3,160",79.4,2.7,80.9,2.6,"3,018",75.9,2.8,77.3,2.8
"1,237","1,129",764,61.8,5.5,67.7,5.6,722,58.3,5.6,63.9,5.7
512,409,271,52.9,9.1,66.1,9.6,253,49.4,9.1,61.8,9.9
678,425,271,39.9,8.2,63.8,10.2,218,32.1,7.8,51.3,10.6
"4,620","4,362","3,454",74.8,2.7,79.2,2.6,"3,248",70.3,2.8,74.5,2.8
"1,304","1,196",805,61.7,5.4,67.3,5.4,748,57.4,5.5,62.5,5.6
535,432,287,53.6,8.9,66.4,9.3,269,50.3,8.9,62.3,9.6
"5,993","5,389","4,029",67.2,2.5,74.8,2.4,"3,854",64.3,2.6,71.5,2.5
"2,947","2,638","1,921",65.2,3.6,72.8,3.6,"1,806",61.3,3.7,68.5,3.7
"3,046","2,751","2,109",69.2,3.5,76.7,3.3,"2,047",67.2,3.5,74.4,3.4
"4,735","4,413","3,452",72.9,2.7,78.2,2.6,"3,309",69.9,2.8,75,2.7
"4,122","3,985","3,177",77.1,2.7,79.7,2.6,"3,070",74.5,2.8,77,2.8
257,210,136,53.1,12.3,64.7,13,130,50.8,12.3,61.9,13.2
557,334,213,38.3,8.4,63.9,10.7,210,37.7,8.4,62.8,10.8
680,485,296,43.6,8.2,61,9.6,261,38.4,8.1,53.7,9.8
"4,928","4,593","3,573",72.5,2.6,77.8,2.5,"3,426",69.5,2.7,74.6,2.7
331,285,170,51.2,10.9,59.5,11.5,164,49.4,10.9,57.4,11.6
590,363,227,38.5,8.2,62.5,10.4,224,37.9,8.1,61.6,10.4
"1,397","1,379",928,66.4,3.4,67.3,3.4,773,55.3,3.6,56.1,3.6
684,675,457,66.9,4.9,67.7,4.9,379,55.4,5.1,56.1,5.2
714,704,471,65.9,4.8,66.8,4.8,395,55.3,5,56,5.1
"1,324","1,314",879,66.4,3.5,66.9,3.5,735,55.5,3.7,56,3.7
"1,303","1,301",871,66.9,3.5,67,3.5,729,56,3.7,56.1,3.7
45,42,26,B,B,B,B,18,B,B,B,B
5,1,1,B,B,B,B,1,B,B,B,B
23,15,10,B,B,B,B,8,B,B,B,B
"1,346","1,336",900,66.9,3.5,67.4,3.5,754,56,3.7,56.5,3.7
54,50,34,B,B,B,B,25,B,B,B,B
6,2,2,B,B,B,B,2,B,B,B,B
"4,538","4,421","3,391",74.7,2.7,76.7,2.6,"3,253",71.7,2.8,73.6,2.7
"2,223","2,158","1,616",72.7,3.9,74.9,3.8,"1,533",68.9,4,71,4
"2,315","2,263","1,775",76.7,3.6,78.5,3.6,"1,720",74.3,3.7,76,3.7
"4,005","3,931","3,119",77.9,2.7,79.3,2.7,"3,008",75.1,2.8,76.5,2.8
"3,776","3,772","3,020",80,2.7,80.1,2.7,"2,914",77.2,2.8,77.2,2.8
263,263,126,47.7,12.1,47.7,12.1,114,43.5,12,43.5,12
117,73,44,B,B,B,B,44,B,B,B,B
242,173,105,43.5,13.7,61,16,101,41.7,13.7,58.4,16.2
"4,113","4,040","3,192",77.6,2.7,79,2.6,"3,081",74.9,2.8,76.3,2.8
318,318,152,47.8,11,47.8,11,141,44.3,11,44.3,11
138,94,59,42.4,17.1,62,20.3,59,42.4,17.1,62,20.3
436,427,296,67.9,3.4,69.3,3.4,280,64.1,3.5,65.5,3.5
217,212,141,65,5,66.5,5,132,61.1,5.1,62.5,5.1
219,215,155,70.8,4.7,72.1,4.7,147,67.2,4.9,68.4,4.8
410,405,280,68.3,3.5,69.2,3.5,265,64.5,3.6,65.4,3.6
379,376,265,70,3.6,70.6,3.6,251,66.2,3.7,66.8,3.7
2,2,1,B,B,B,B,1,B,B,B,B
2,-,-,B,B,B,B,-,B,B,B,B
40,38,23,B,B,B,B,21,B,B,B,B
422,416,290,68.6,3.5,69.6,3.5,273,64.7,3.6,65.7,3.6
4,3,3,B,B,B,B,3,B,B,B,B
4,2,2,B,B,B,B,2,B,B,B,B
